AuthorId,HitId,wosStandard,researcherId,ORCID,ord,Dogrulandi,DogrulayanPersonelRol_Id,DogrulamaZamani,Puan
1,1456,"Kuran, Ö",L-2391-2019,NULL,1,NULL,NULL,NULL,NULL
2,1456,"Özkale, MR",B-8163-2018,NULL,2,NULL,NULL,NULL,NULL
3,1458,"Gündeslioglu, ÖÖ",T-1959-2018,NULL,1,NULL,NULL,NULL,NULL
4,1459,"Özlü, F",E-7599-2018,NULL,1,NULL,NULL,NULL,22.50
5,1459,"Akçali, M",CBM-5105-2022,NULL,2,NULL,NULL,NULL,12.00
6,1459,"Yildiz, SM",KHG-3597-2024,NULL,3,NULL,NULL,NULL,12.00
7,1459,"Yildizdas, HY",GJX-7536-2022,NULL,4,NULL,NULL,NULL,12.00
8,1459,"Gözet, Y",JKX-9193-2023,NULL,5,NULL,NULL,NULL,NULL
9,1459,"Atay, A",ELP-0991-2022,NULL,6,NULL,NULL,NULL,NULL
10,1457,"Yikar, SK",GJA-6671-2022,NULL,1,NULL,NULL,NULL,72.00
11,1457,"Nazik, E",A-1392-2016,NULL,2,NULL,NULL,NULL,45.00
12,10297,"Küden, A",JIO-3415-2023,NULL,1,NULL,NULL,NULL,NULL
13,10297,"Küden, AB",ILQ-9189-2023,NULL,2,NULL,NULL,NULL,NULL
14,10297,"Imrak, B",K-5334-2018,NULL,3,NULL,NULL,NULL,NULL
15,10297,"Sarier, A",IHU-4396-2023,NULL,4,NULL,NULL,NULL,NULL
16,2632,"Sönmezer, D",DTC-9932-2022,NULL,1,NULL,NULL,NULL,NULL
17,2632,"Latifoglu, F",AAM-1383-2021,NULL,2,NULL,NULL,NULL,NULL
18,2632,"Toprak, G",AAM-3007-2021,NULL,3,NULL,NULL,NULL,NULL
19,2632,"Düzler, A",A-4406-2016,NULL,4,NULL,NULL,NULL,NULL
20,1471,"Paizila, A",IFL-0858-2023,NULL,1,NULL,NULL,NULL,NULL
21,1471,"Kafkas, S",AAG-9045-2020,NULL,2,NULL,NULL,NULL,NULL
22,1471,"Ziya-Motalebipour, E",ABG-3915-2021,NULL,3,NULL,NULL,NULL,NULL
23,1471,"Acar, I",W-2551-2017,NULL,4,NULL,NULL,NULL,NULL
24,1471,"Turemis, N",JIU-6810-2023,NULL,5,NULL,NULL,NULL,NULL
25,1479,"Oguz, HI",AAF-6968-2021,NULL,1,NULL,NULL,NULL,NULL
26,1479,"Gökdogan, O",JML-8736-2023,NULL,2,NULL,NULL,NULL,NULL
27,1479,"Baran, MF",AAV-9191-2020,NULL,3,NULL,NULL,NULL,NULL
28,1479,"Oguz, I",DKR-4189-2022,NULL,4,NULL,NULL,NULL,NULL
29,1483,"Sevindik, B",KHW-6684-2024,NULL,1,NULL,NULL,NULL,NULL
30,1483,"Tütüncü, M",CAH-9543-2022,NULL,2,NULL,NULL,NULL,NULL
31,1483,"Izgü, T",CWS-2242-2022,NULL,3,NULL,NULL,NULL,NULL
32,1483,"Tagipur, EM",DYB-8380-2022,NULL,4,NULL,NULL,NULL,NULL
33,1483,"Çürük, P",JHR-4304-2023,NULL,5,NULL,NULL,NULL,NULL
34,1483,"Kaynak, G",FCS-4874-2022,NULL,6,NULL,NULL,NULL,NULL
35,1483,"Yilmaz, Ö",KHZ-8294-2024,NULL,7,NULL,NULL,NULL,NULL
36,1483,"Mendi, YY",DFA-6648-2022,NULL,8,NULL,NULL,NULL,NULL
37,1469,"Khodaeiaminjan, M",HUD-0400-2023,NULL,1,NULL,NULL,NULL,NULL
38,1469,"Kafkas, S",AAG-9045-2020,NULL,2,NULL,NULL,NULL,NULL
39,1469,"Ziya-Motalebipour, E",ABG-3915-2021,NULL,3,NULL,NULL,NULL,NULL
40,1469,"Çoban, N",JJY-9517-2023,NULL,4,NULL,NULL,NULL,NULL
41,1469,"Gozel, H",EWS-1773-2022,NULL,5,NULL,NULL,NULL,NULL
42,1472,"Ziya-Motalebipour, E",ABG-3915-2021,NULL,1,NULL,NULL,NULL,NULL
43,1472,"Kafkas, S",AAG-9045-2020,NULL,2,NULL,NULL,NULL,NULL
44,1472,"Khodaeiaminjan, M",HUD-0400-2023,NULL,3,NULL,NULL,NULL,NULL
45,1472,"Çoban, N",CKC-7691-2022,NULL,4,NULL,NULL,NULL,NULL
46,1472,"Gozel, H",EWS-1773-2022,NULL,5,NULL,NULL,NULL,NULL
47,1477,"Erçik, K",EUG-3635-2022,NULL,1,NULL,NULL,NULL,NULL
48,1477,"Kafkas, E",DXP-9732-2022,NULL,2,NULL,NULL,NULL,NULL
49,1477,"Kaya, M",HXP-7188-2023,NULL,3,NULL,NULL,NULL,NULL
50,1477,"Çelik, K",JLF-9171-2023,NULL,4,NULL,NULL,NULL,NULL
51,1477,"Opanoglu, N",HXI-2468-2023,NULL,5,NULL,NULL,NULL,NULL
52,1477,"Saridas, MA",AFU-5425-2022,NULL,6,NULL,NULL,NULL,NULL
53,1477,"Özcan, H",JKS-4140-2023,NULL,7,NULL,NULL,NULL,NULL
54,1474,"Alan, S",EKY-7130-2022,NULL,1,NULL,NULL,NULL,NULL
55,1474,"Düzgün, F",EUT-2267-2022,NULL,2,NULL,NULL,NULL,NULL
56,1474,"Kaska, A",FDF-2941-2022,NULL,3,NULL,NULL,NULL,NULL
57,1474,"Celebi-Toprak, F",CIM-9078-2022,NULL,4,NULL,NULL,NULL,NULL
58,1474,"Alan, AR",AAC-4804-2020,NULL,5,NULL,NULL,NULL,NULL
59,1467,"Ortas, I",D-3971-2012,NULL,1,NULL,NULL,NULL,NULL
60,1462,"Ortas, I",D-3971-2012,NULL,1,NULL,NULL,NULL,NULL
61,2795,"Abed, M",DSX-0483-2022,NULL,1,NULL,NULL,NULL,NULL
62,2795,"Ibrikçi, T",HZL-0937-2023,NULL,2,NULL,NULL,NULL,NULL
63,1484,"Tsujii, H",CDG-1886-2022,NULL,1,NULL,NULL,NULL,NULL
64,1484,"Gültekin, U",JJA-1834-2023,NULL,2,NULL,NULL,NULL,NULL
65,1482,"Sano, J",DOV-3497-2022,NULL,1,NULL,NULL,NULL,NULL
66,1482,"Tamai, S",CBW-4725-2022,NULL,2,NULL,NULL,NULL,NULL
67,1482,"Ando, M",GDK-7778-2022,NULL,3,NULL,NULL,NULL,NULL
68,1482,"Yilmaz, KT",K-5194-2018,NULL,4,NULL,NULL,NULL,NULL
69,1461,"Koluman, N",CZF-4309-2022,NULL,1,NULL,NULL,NULL,NULL
70,1461,"Kutlu, HR",FHS-2197-2022,NULL,2,NULL,NULL,NULL,NULL
71,1461,"Güney, I",J-8066-2018,NULL,3,NULL,NULL,NULL,NULL
72,1464,"Erk, N",ETQ-5835-2022,NULL,1,NULL,NULL,NULL,NULL
73,1464,"Erk, SF",CPV-0664-2022,NULL,2,NULL,NULL,NULL,NULL
74,1464,"Güney, I",J-8066-2018,NULL,3,NULL,NULL,NULL,NULL
75,1470,"Berberoglu, S",O-4805-2014,NULL,1,NULL,NULL,NULL,NULL
76,1470,"Evrendilek, F",O-2424-2013,NULL,2,NULL,NULL,NULL,NULL
77,1470,"Dönmez, C",G-1750-2015,NULL,3,NULL,NULL,NULL,NULL
78,1470,"Çilek, A",E-6191-2018,NULL,4,NULL,NULL,NULL,NULL
79,1473,"Pahmi, S",AGX-8154-2022,NULL,1,NULL,NULL,NULL,NULL
80,1473,"Anwar, AN",CDK-6744-2022,NULL,2,NULL,NULL,NULL,NULL
81,1473,"Nurhasanah, SR",IOU-8155-2023,NULL,3,NULL,NULL,NULL,NULL
82,1473,"Nadia, S",FNH-3555-2022,NULL,4,NULL,NULL,NULL,NULL
83,1473,"Cramer, L",CLZ-9479-2022,NULL,5,NULL,NULL,NULL,NULL
84,1473,"Ozsut, B",DJS-5032-2022,NULL,6,NULL,NULL,NULL,NULL
85,1478,"Watanabe, T",EFK-2778-2022,NULL,1,NULL,NULL,NULL,NULL
86,1478,"Nagano, T",L-6659-2019,NULL,2,NULL,NULL,NULL,NULL
87,1478,"Kanber, R",CWN-2226-2022,NULL,3,NULL,NULL,NULL,NULL
88,1478,"Kapur, S",CXS-3839-2022,NULL,4,NULL,NULL,NULL,NULL
89,1485,"Tanaka, K",EBO-5319-2022,NULL,1,NULL,NULL,NULL,NULL
90,1485,"Fujihara, Y",G-6724-2012,NULL,2,NULL,NULL,NULL,NULL
91,1485,"Topaloglu, F",G-6834-2018,NULL,3,NULL,NULL,NULL,NULL
92,1485,"Simonovic, SP",DZE-2360-2022,NULL,4,NULL,NULL,NULL,NULL
93,1485,"Kojiri, T",FEL-5065-2022,NULL,5,NULL,NULL,NULL,NULL
94,1465,"Nakiboglu, G",S-7472-2018,NULL,1,NULL,NULL,NULL,NULL
95,1486,"Orhan, H",FPF-1260-2022,NULL,1,NULL,NULL,NULL,NULL
96,1486,"Delikan, A",ABF-8574-2021,NULL,2,NULL,NULL,NULL,NULL
97,1486,"Demir, A",KGS-1158-2024,NULL,3,NULL,NULL,NULL,NULL
98,1486,"Kapan, S",CWO-3683-2022,NULL,4,NULL,NULL,NULL,NULL
99,1486,"Olgun, K",FPS-5178-2022,NULL,5,NULL,NULL,NULL,NULL
100,1486,"Özmen, A",CAJ-3191-2022,NULL,6,NULL,NULL,NULL,NULL
101,1486,"Sayin, Ü",CAJ-2061-2022,NULL,7,NULL,NULL,NULL,NULL
102,1486,"Ekici, G",JDE-9861-2023,NULL,8,NULL,NULL,NULL,NULL
103,1486,"Aydin, H",CES-4336-2022,NULL,9,NULL,NULL,NULL,NULL
104,1486,"Nazik, A",F-3541-2018,NULL,10,NULL,NULL,NULL,NULL
105,1468,"Yilmaz, KT",K-5194-2018,NULL,1,NULL,NULL,NULL,NULL
106,1468,"Harmanci, D",EXU-0166-2022,NULL,2,NULL,NULL,NULL,NULL
107,1468,"Ünlükaplan, Y",GFU-9005-2022,NULL,3,NULL,NULL,NULL,NULL
108,1468,"Alphan, H",A-1582-2018,NULL,4,NULL,NULL,NULL,NULL
109,1468,"Tezcan, L",GFW-7360-2022,NULL,5,NULL,NULL,NULL,NULL
110,1475,"Kanber, R",CWN-2226-2022,NULL,1,NULL,NULL,NULL,NULL
111,1475,"Ünlü, M",J-2668-2018,NULL,2,NULL,NULL,NULL,NULL
112,1475,"Kapur, B",G-6846-2018,NULL,3,NULL,NULL,NULL,NULL
113,1475,"Özekici, B",FQJ-4458-2022,NULL,4,NULL,NULL,NULL,NULL
114,1475,"Donma, S",COV-8296-2022,NULL,5,NULL,NULL,NULL,NULL
115,1466,"Durgun, Y",C-3131-2018,NULL,1,NULL,NULL,NULL,NULL
116,1466,"Çobankaya, A",GBN-1940-2022,NULL,2,NULL,NULL,NULL,NULL
117,1463,"Durgun, Y",C-3131-2018,NULL,1,NULL,NULL,NULL,NULL
118,1480,"Kapur, B",G-6846-2018,NULL,1,NULL,NULL,NULL,NULL
119,1480,"Aydin, M",DXS-9226-2022,NULL,2,NULL,NULL,NULL,NULL
120,1480,"Yano, T",GKR-3900-2022,NULL,3,NULL,NULL,NULL,NULL
121,1480,"Koç, M",JGZ-6597-2023,NULL,4,NULL,NULL,NULL,NULL
122,1480,"Barutçular, C",A-4756-2016,NULL,5,NULL,NULL,NULL,NULL
123,1476,"Çiftçi, Y",JHA-8357-2023,NULL,1,NULL,NULL,NULL,NULL
124,1476,"Dönmez, C",K-9538-2019,NULL,2,NULL,NULL,NULL,NULL
125,1476,"Parlak, O",E-5067-2018,NULL,3,NULL,NULL,NULL,NULL
126,1476,"Günay, K",K-9380-2016,NULL,4,NULL,NULL,NULL,NULL
127,1481,"Aydin, M",DXS-9226-2022,NULL,1,NULL,NULL,NULL,NULL
128,1481,"Watanabe, T",EFK-2778-2022,NULL,2,NULL,NULL,NULL,NULL
129,1481,"Kapur, S",CXS-3839-2022,NULL,3,NULL,NULL,NULL,NULL
130,1487,"Bilge, SY",AAD-1796-2021,NULL,1,NULL,NULL,NULL,NULL
131,1487,"Solmaz, D",B-1448-2016,NULL,2,NULL,NULL,NULL,NULL
132,1487,"Senel, S",FTX-8363-2022,NULL,3,NULL,NULL,NULL,NULL
133,1487,"Emmungil, H",J-9960-2019,NULL,4,NULL,NULL,NULL,NULL
134,1487,"Kiliç, L",JHF-0838-2023,NULL,5,NULL,NULL,NULL,NULL
135,1487,"Öner, SY",GPP-3973-2022,NULL,6,NULL,NULL,NULL,NULL
136,1487,"Yidiz, F",CKC-9122-2022,NULL,7,NULL,NULL,NULL,NULL
137,1487,"Yilmaz, S",JUV-4187-2023,NULL,8,NULL,NULL,NULL,NULL
138,1487,"Bozkirli, DE",EQG-9361-2022,NULL,9,NULL,NULL,NULL,NULL
139,1487,"Tufan, MA",AAJ-9057-2021,NULL,10,NULL,NULL,NULL,NULL
140,1487,"Yilmaz, S",HTP-6798-2023,NULL,11,NULL,NULL,NULL,NULL
141,1487,"Yazisiz, V",EGN-2617-2022,NULL,12,NULL,NULL,NULL,NULL
142,1487,"Pehlivan, Y",AAG-8227-2021,NULL,13,NULL,NULL,NULL,NULL
143,1487,"Bes, C",CGC-9848-2022,NULL,14,NULL,NULL,NULL,NULL
144,1487,"Çetin, GY",JHK-7793-2023,NULL,15,NULL,NULL,NULL,NULL
145,1487,"Erten, S",IZE-6133-2023,NULL,16,NULL,NULL,NULL,NULL
146,1487,"Gönüllü, E",AAK-7851-2021,NULL,17,NULL,NULL,NULL,NULL
147,1487,"Sahin, F",AAG-5842-2019,NULL,18,NULL,NULL,NULL,NULL
148,1487,"Akar, S",FWR-0812-2022,NULL,19,NULL,NULL,NULL,NULL
149,1487,"Aksu, K",HLH-8218-2023,NULL,20,NULL,NULL,NULL,NULL
150,1487,"Kalyoncu, U",CXS-3290-2022,NULL,21,NULL,NULL,NULL,NULL
151,1487,"Direskeneli, H",AAS-5508-2020,NULL,22,NULL,NULL,NULL,NULL
152,1487,"Erken, E",L-3219-2019,NULL,23,NULL,NULL,NULL,NULL
153,1487,"Kisacik, B",CZO-4523-2022,NULL,24,NULL,NULL,NULL,NULL
154,1487,"Sayarlioglu, M",FYB-5914-2022,NULL,25,NULL,NULL,NULL,NULL
155,1487,"Çinar, M",JHK-4396-2023,NULL,26,NULL,NULL,NULL,NULL
156,1487,"Kasifoglu, T",JWQ-6291-2024,NULL,27,NULL,NULL,NULL,NULL
157,1487,"Sari, I",E-1778-2011,NULL,28,NULL,NULL,NULL,NULL
158,1460,"Sameh, A",GCE-1752-2022,NULL,1,NULL,NULL,NULL,NULL
159,1460,"Sihem, A",DRB-3839-2022,NULL,2,NULL,NULL,NULL,NULL
160,1460,"Fadila, B",EXH-5071-2022,NULL,3,NULL,NULL,NULL,NULL
161,1460,"Gülfeza, K",A-9302-2011,NULL,4,NULL,NULL,NULL,NULL
162,1488,"Kefayeti, S",FDA-7199-2022,NULL,1,NULL,NULL,NULL,NULL
163,1488,"Kafkas, E",DXP-9732-2022,NULL,2,NULL,NULL,NULL,NULL
164,1488,"Ercisli, S",DTL-0899-2022,NULL,3,NULL,NULL,NULL,NULL
165,1490,"Almessiere, MA",A-3325-2015,NULL,1,NULL,NULL,NULL,NULL
166,1490,"Slimani, Y",E-5054-2017,NULL,2,NULL,NULL,NULL,NULL
167,1490,"Tashkandi, NA",IQG-4466-2023,NULL,3,NULL,NULL,NULL,NULL
168,1490,"Baykal, A",AAF-9826-2019,NULL,4,NULL,NULL,NULL,NULL
169,1490,"Saraç, MF",JGW-8997-2023,NULL,5,NULL,NULL,NULL,NULL
170,1490,"Trukhanov, AV",H-3514-2014,NULL,6,NULL,NULL,NULL,NULL
171,1490,"Ercan, I",ESU-0606-2022,NULL,7,NULL,NULL,NULL,NULL
172,1490,"Belenli, I",L-9940-2017,NULL,8,NULL,NULL,NULL,NULL
173,1490,"Ozçelik, B",JHJ-4070-2023,NULL,9,NULL,NULL,NULL,NULL
174,1489,"Kaçiranlar, S",GFI-7431-2022,NULL,1,NULL,NULL,NULL,NULL
175,1489,"Dawoud, I",AAA-1763-2022,NULL,2,NULL,NULL,NULL,NULL
176,1492,"Akbulut, S",T-5710-2018,NULL,1,NULL,NULL,NULL,NULL
177,1492,"Külahçi, Ö",AGG-0591-2022,NULL,2,NULL,NULL,NULL,NULL
178,1492,"Gökçe, K",GXZ-5130-2022,NULL,3,NULL,NULL,NULL,NULL
179,1491,"Songür, M",K-6690-2019,NULL,1,NULL,NULL,NULL,NULL
180,1491,"Sahin, E",DPR-1632-2022,NULL,2,NULL,NULL,NULL,NULL
181,1491,"Deveci, MA",HME-1490-2023,NULL,3,NULL,NULL,NULL,NULL
182,1491,"Öz, II",AAM-4318-2020,NULL,4,NULL,NULL,NULL,NULL
183,1491,"Bayar, A",AAK-8119-2021,NULL,5,NULL,NULL,NULL,NULL
184,1491,"Keser, S",CZQ-4315-2022,NULL,6,NULL,NULL,NULL,NULL
185,1493,"Ozsoy, KM",DKT-3312-2022,NULL,1,NULL,NULL,NULL,NULL
186,1493,"Oktay, K",X-5517-2018,NULL,2,NULL,NULL,NULL,NULL
187,1493,"Gezercan, Y",EWQ-1914-2022,NULL,3,NULL,NULL,NULL,NULL
188,1493,"Cetinalp, NE",DXI-3700-2022,NULL,4,NULL,NULL,NULL,NULL
189,1493,"Okten, AI",GCY-4352-2022,NULL,5,NULL,NULL,NULL,NULL
190,1493,"Erman, T",DVT-3952-2022,NULL,6,NULL,NULL,NULL,NULL
191,1494,"Alma, E",DTL-6668-2022,NULL,1,NULL,NULL,NULL,NULL
192,1494,"Ercil, H",ETK-3867-2022,NULL,2,NULL,NULL,NULL,NULL
193,1494,"Eken, A",H-4188-2014,NULL,3,NULL,NULL,NULL,NULL
194,1494,"Deniz, ME",JFC-5060-2023,NULL,4,NULL,NULL,NULL,NULL
195,1494,"Tumer, E",CDY-8057-2022,NULL,5,NULL,NULL,NULL,NULL
196,1494,"Oksuzler, FY",JGU-0580-2023,NULL,6,NULL,NULL,NULL,NULL
197,1494,"Gurbuz, ZG",CRW-0283-2022,NULL,7,NULL,NULL,NULL,NULL
198,1496,"Haytoglu, Z",GAX-5446-2022,NULL,1,NULL,NULL,NULL,NULL
199,1496,"Herguner, MO",E-5894-2018,NULL,2,NULL,NULL,NULL,NULL
200,1500,"Gürsul, M",G-5239-2018,NULL,1,NULL,NULL,NULL,NULL
201,1500,"Özçelik, B",JRR-7670-2023,NULL,2,NULL,NULL,NULL,NULL
202,1500,"Liu, M",C-9711-2019,NULL,3,NULL,NULL,NULL,NULL
203,1500,"Boltalin, AI",AAQ-3351-2021,NULL,4,NULL,NULL,NULL,NULL
204,1500,"Morozov, IV",C-4329-2011,NULL,5,NULL,NULL,NULL,NULL
205,1497,"Çetinkaya, Ç",B-8341-2018,NULL,1,NULL,NULL,NULL,NULL
206,1497,"Genç, AI",B-4211-2018,NULL,2,NULL,NULL,NULL,NULL
207,1499,"Andic, F",F-4577-2018,NULL,1,NULL,NULL,NULL,NULL
208,1499,"Izol, V",DUV-2116-2022,NULL,2,NULL,NULL,NULL,NULL
209,1499,"Gokcay, S",GYA-5765-2022,NULL,3,NULL,NULL,NULL,NULL
210,1499,"Arslantas, HS",ELW-7365-2022,NULL,4,NULL,NULL,NULL,NULL
211,1499,"Bayazit, Y",JLI-9742-2023,NULL,5,NULL,NULL,NULL,NULL
212,1499,"Coskun, H",EQQ-3600-2022,NULL,6,NULL,NULL,NULL,NULL
213,1499,"Tansug, MZ",CCG-9423-2022,NULL,7,NULL,NULL,NULL,NULL
214,1499,"Sertdemir, Y",E-5104-2018,NULL,8,NULL,NULL,NULL,NULL
215,1495,"Atli, G",J-1753-2018,NULL,1,NULL,NULL,NULL,NULL
216,1501,"Chtouki, T",AAJ-3785-2021,NULL,1,NULL,NULL,NULL,NULL
217,1501,"Taboukhat, S",AAG-4728-2020,NULL,2,NULL,NULL,NULL,NULL
218,1501,"Kavak, H",B-7675-2018,NULL,3,NULL,NULL,NULL,NULL
219,1501,"Zawadzka, A",IVP-9473-2023,NULL,4,NULL,NULL,NULL,NULL
220,1501,"Erguig, H",CPB-8306-2022,NULL,5,NULL,NULL,NULL,NULL
221,1501,"Elidrissi, B",CNP-1947-2022,NULL,6,NULL,NULL,NULL,NULL
222,1501,"Sahraoui, B",AAW-2125-2020,NULL,7,NULL,NULL,NULL,NULL
223,1502,"Suner, A",C-1032-2012,NULL,1,NULL,NULL,NULL,NULL
224,1502,"Carr, BI",DTM-1900-2022,NULL,2,NULL,NULL,NULL,NULL
225,1502,"Akkiz, H",DSX-7814-2022,NULL,3,NULL,NULL,NULL,4.50
226,1502,"Karakülah, G",N-1342-2018,NULL,4,NULL,NULL,NULL,NULL
227,1502,"Üsküdar, O",EBL-0984-2022,NULL,5,NULL,NULL,NULL,4.50
228,1502,"Yalçin, K",JGY-0854-2023,NULL,6,NULL,NULL,NULL,NULL
229,1502,"Kuran, S",V-4297-2018,NULL,7,NULL,NULL,NULL,4.50
230,1502,"Tokat, Y",EBH-7473-2022,NULL,8,NULL,NULL,NULL,NULL
231,1502,"Yilmaz, S",ABI-2323-2020,NULL,9,NULL,NULL,NULL,NULL
232,1502,"Özakyol, A",DKW-7143-2022,NULL,10,NULL,NULL,NULL,NULL
233,1502,"Tokmak, S",HKE-8525-2023,NULL,11,NULL,NULL,NULL,4.50
234,1502,"Balli, T",EJS-7417-2022,NULL,12,NULL,NULL,NULL,4.50
235,1502,"Yücesoy, M",JJA-5667-2023,NULL,13,NULL,NULL,NULL,NULL
236,1502,"Bahçeci, HI",EKX-5790-2022,NULL,14,NULL,NULL,NULL,NULL
237,1502,"Ülkü, A",ECX-0786-2022,NULL,15,NULL,NULL,NULL,NULL
238,1502,"Akçam, T",JHZ-0712-2023,NULL,16,NULL,NULL,NULL,4.50
239,1502,"Polat, KY",FSR-7294-2022,NULL,17,NULL,NULL,NULL,NULL
240,1502,"Ekinci, N",GAI-5350-2022,NULL,18,NULL,NULL,NULL,NULL
241,1502,"Simsek, H",I-9259-2013,NULL,19,NULL,NULL,NULL,NULL
242,1502,"Örmeci, N",A-1571-2019,NULL,20,NULL,NULL,NULL,NULL
243,1502,"Sonsuz, A",U-2295-2018,NULL,21,NULL,NULL,NULL,NULL
244,1502,"Demir, M",JTY-2755-2023,NULL,22,NULL,NULL,NULL,NULL
245,1502,"Kiliç, M",BBE-3756-2022,NULL,23,NULL,NULL,NULL,NULL
246,1502,"Uygun, A",IQG-4828-2023,NULL,24,NULL,NULL,NULL,NULL
247,1502,"Demir, A",IDG-7373-2023,NULL,25,NULL,NULL,NULL,NULL
248,1502,"Delik, A",HNR-6191-2023,NULL,26,NULL,NULL,NULL,NULL
249,1502,"Arslan, B",BBC-3659-2021,NULL,27,NULL,NULL,NULL,NULL
250,1502,"Doran, F",ESZ-6180-2022,NULL,28,NULL,NULL,NULL,4.50
251,1502,"Altintas, E",A-9651-2011,NULL,29,NULL,NULL,NULL,NULL
252,1502,"Temel, T",GGG-1890-2022,NULL,30,NULL,NULL,NULL,NULL
253,1502,"Bektas, A",EMI-4426-2022,NULL,31,NULL,NULL,NULL,NULL
254,1498,"Bengil, F",S-9452-2019,NULL,1,NULL,NULL,NULL,NULL
255,1498,"Mavruk, S",E-5611-2018,NULL,2,NULL,NULL,NULL,NULL
2545,1504,"Bali, ZU",ABC-3620-2020,NULL,1,NULL,NULL,NULL,NULL
2546,1504,"Ahmedov, A",AGR-5386-2022,NULL,2,NULL,NULL,NULL,NULL
2547,1504,"Özkan, B",AAI-5063-2020,NULL,3,NULL,NULL,NULL,NULL
2548,1504,"Mazican, M",AAN-2057-2021,NULL,4,NULL,NULL,NULL,NULL
2549,1504,"Keçeci, Y",JIC-9355-2023,NULL,5,NULL,NULL,NULL,NULL
2550,1503,"Kaya, P",JAE-7163-2023,NULL,1,NULL,NULL,NULL,NULL
2551,1503,"Erden, S",COK-2402-2022,NULL,2,NULL,NULL,NULL,NULL
2552,1505,"Maharaj, A",JDD-6338-2023,NULL,1,NULL,NULL,NULL,NULL
2553,1505,"Buonocore, F",AAT-7804-2020,NULL,2,NULL,NULL,NULL,NULL
2554,1505,"Meimaridou, E",DGP-8471-2022,NULL,3,NULL,NULL,NULL,NULL
2555,1505,"Ruiz-Babot, G",DQT-6319-2022,NULL,4,NULL,NULL,NULL,NULL
2556,1505,"Guasti, L",DUR-5042-2022,NULL,5,NULL,NULL,NULL,NULL
2557,1505,"Peng, HM",DTU-4235-2022,NULL,6,NULL,NULL,NULL,NULL
2558,1505,"Capper, CP",CJE-8724-2022,NULL,7,NULL,NULL,NULL,NULL
2559,1505,"Burgos-Tirado, N",GDO-8477-2022,NULL,8,NULL,NULL,NULL,NULL
2560,1505,"Prasad, R",FZC-5082-2022,NULL,9,NULL,NULL,NULL,NULL
2561,1505,"Hughes, CR",DXT-7749-2022,NULL,10,NULL,NULL,NULL,NULL
2562,1505,"Maudhoo, A",FLA-8544-2022,NULL,11,NULL,NULL,NULL,NULL
2563,1505,"Crowne, E",HXJ-0750-2023,NULL,12,NULL,NULL,NULL,NULL
2564,1505,"Cheetham, TD",IBN-0697-2023,NULL,13,NULL,NULL,NULL,NULL
2565,1505,"Brain, CE",IBG-8901-2023,NULL,14,NULL,NULL,NULL,NULL
2566,1505,"Suntharalingham, JP",GFE-5860-2022,NULL,15,NULL,NULL,NULL,NULL
2567,1505,"Striglioni, N",DYX-4338-2022,NULL,16,NULL,NULL,NULL,NULL
2568,1505,"Yuksel, B",DYQ-6256-2022,NULL,17,NULL,NULL,NULL,NULL
2569,1505,"Gurbuz, F",J-2700-2013,NULL,18,NULL,NULL,NULL,NULL
2570,1505,"Gupta, S",CTD-4391-2022,NULL,19,NULL,NULL,NULL,NULL
2571,1505,"Lindsay, R",FYT-6791-2022,NULL,20,NULL,NULL,NULL,NULL
2572,1505,"Couch, R",EUP-4799-2022,NULL,21,NULL,NULL,NULL,NULL
2573,1505,"Spoudeas, HA",DYO-7768-2022,NULL,22,NULL,NULL,NULL,NULL
2574,1505,"Guran, T",DYB-0601-2022,NULL,23,NULL,NULL,NULL,NULL
2575,1505,"Johnson, S",GBJ-3335-2022,NULL,24,NULL,NULL,NULL,NULL
2576,1505,"Fowler, DJ",EUF-3839-2022,NULL,25,NULL,NULL,NULL,NULL
2577,1505,"Conwel, LS",EPS-7003-2022,NULL,26,NULL,NULL,NULL,NULL
2578,1505,"McInerney-Leo, AM",D-8302-2016,NULL,27,NULL,NULL,NULL,NULL
2579,1505,"Drui, D",ERO-7699-2022,NULL,28,NULL,NULL,NULL,NULL
2580,1505,"Cariou, B",D-6398-2015,NULL,29,NULL,NULL,NULL,NULL
2581,1505,"Lopez-Siguero, JP",GCQ-7192-2022,NULL,30,NULL,NULL,NULL,NULL
2582,1505,"Harris, M",JRF-1858-2023,NULL,31,NULL,NULL,NULL,NULL
2583,1505,"Duncan, EL",L-1224-2013,NULL,32,NULL,NULL,NULL,NULL
2584,1505,"Hindmarsh, PC",DVY-8202-2022,NULL,33,NULL,NULL,NULL,NULL
2585,1505,"Auchus, RJ",HXJ-0659-2023,NULL,34,NULL,NULL,NULL,NULL
2586,1505,"Donaldson, MD",GDZ-8607-2022,NULL,35,NULL,NULL,NULL,NULL
2587,1505,"Achermann, JC",N-2906-2019,NULL,36,NULL,NULL,NULL,NULL
2588,1505,"Metherell, LA",E-8695-2012,NULL,37,NULL,NULL,NULL,NULL
2589,1509,"Özen, ME",JZC-1505-2024,NULL,1,NULL,NULL,NULL,NULL
2590,1509,"Dikmen, M",IRZ-0516-2023,NULL,2,NULL,NULL,NULL,NULL
2591,1509,"Tap, D",DZE-2809-2022,NULL,3,NULL,NULL,NULL,NULL
2592,1509,"Özler, S",JIT-1868-2023,NULL,4,NULL,NULL,NULL,NULL
2593,1509,"Yilmaz, MB",G-8633-2018,NULL,5,NULL,NULL,NULL,NULL
2594,1509,"Urhan Küçük, M",ADN-8729-2022,NULL,6,NULL,NULL,NULL,NULL
2595,1508,"Zengin Eroglu, M",AAC-7550-2022,NULL,1,NULL,NULL,NULL,NULL
2596,1508,"Sertçelik, S",JHJ-9856-2023,NULL,2,NULL,NULL,NULL,NULL
2597,1508,"Gündüz, A",AAJ-8309-2020,NULL,3,NULL,NULL,NULL,NULL
2598,1508,"Demirkol, ME",O-2689-2018,NULL,4,NULL,NULL,NULL,NULL
2599,1507,"Incecik, F",DWB-3427-2022,NULL,1,NULL,NULL,NULL,NULL
2600,1507,"Mungan, NO",G-3633-2018,NULL,2,NULL,NULL,NULL,NULL
2601,1510,"Yilmaz, C",JJY-6156-2023,NULL,1,NULL,NULL,NULL,NULL
2602,1510,"Gorgulu, FF",AAI-8273-2020,NULL,2,NULL,NULL,NULL,NULL
2603,1510,"Oksuzler, FY",JGU-0580-2023,NULL,3,NULL,NULL,NULL,NULL
2604,1510,"Arslan, M",IRH-4309-2023,NULL,4,NULL,NULL,NULL,NULL
2605,1510,"Oksuzler, M",HKV-8198-2023,NULL,5,NULL,NULL,NULL,NULL
2606,1510,"Keskek, SO",DVX-7453-2022,NULL,6,NULL,NULL,NULL,NULL
2607,1510,"Koc, AS",GVW-2143-2022,NULL,7,NULL,NULL,NULL,NULL
2608,1513,"Altiner, M",E-5044-2018,NULL,1,NULL,NULL,NULL,45.00
2609,1513,"Top, S",H-3310-2015,NULL,2,NULL,NULL,NULL,28.80
2610,1513,"Kaymakoglu, B",CYS-7756-2022,NULL,3,NULL,NULL,NULL,NULL
2611,1513,"Seçkin, IY",J-4641-2018,NULL,4,NULL,NULL,NULL,28.80
2612,1513,"Vapur, H",I-8701-2018,NULL,5,NULL,NULL,NULL,28.80
2613,1512,"Uçar, Y",ABC-5350-2020,NULL,1,NULL,NULL,NULL,NULL
2614,1512,"Meriç, IA",DGC-9381-2022,NULL,2,NULL,NULL,NULL,NULL
2615,1512,"Ekren, O",F-2061-2018,NULL,3,NULL,NULL,NULL,NULL
2616,1511,"Dogruel, D",F-6136-2016,NULL,1,NULL,NULL,NULL,NULL
2617,1511,"Serbes, M",IRO-0746-2023,NULL,2,NULL,NULL,NULL,NULL
2618,1511,"Sasihuseyinoglu, AS",AAF-6729-2021,NULL,3,NULL,NULL,NULL,NULL
2619,1511,"Yilmaz, M",C-5556-2016,NULL,4,NULL,NULL,NULL,NULL
2620,1511,"Altintas, DU",CBG-6679-2022,NULL,5,NULL,NULL,NULL,NULL
2621,1511,"Bisgin, A",G-5001-2018,NULL,6,NULL,NULL,NULL,NULL
2622,1514,"Sezen, SM",CCB-4528-2022,NULL,1,NULL,NULL,NULL,NULL
2623,1514,"Yazar, A",EIQ-9482-2022,NULL,2,NULL,NULL,NULL,NULL
2624,1514,"Tekin, S",AAF-7538-2020,NULL,3,NULL,NULL,NULL,NULL
2625,1516,"Özbey, V",C-8541-2019,NULL,1,NULL,NULL,NULL,NULL
2626,1516,"Saban, D",J-3695-2018,NULL,2,NULL,NULL,NULL,NULL
2627,1519,"Özbek, NS",T-4209-2018,NULL,1,NULL,NULL,NULL,NULL
2628,1519,"Eker, I",CNH-2191-2022,NULL,2,NULL,NULL,NULL,NULL
2629,1521,"Antmen, B",EMJ-9583-2022,NULL,1,NULL,NULL,NULL,NULL
2630,1521,"Sasmaz, I",DSB-1841-2022,NULL,2,NULL,NULL,NULL,20.00
2631,1521,"Karagun, BS",AAB-8587-2019,NULL,3,NULL,NULL,NULL,NULL
2632,1521,"Leblebisatan, G",E-9659-2018,NULL,4,NULL,NULL,NULL,20.00
2633,1521,"Ozkan, C",JRU-8794-2023,NULL,5,NULL,NULL,NULL,20.00
2634,1521,"Sarpel, Y",DOB-2821-2022,NULL,6,NULL,NULL,NULL,NULL
2635,1525,"Balkan, C",ELY-2725-2022,NULL,1,NULL,NULL,NULL,NULL
2636,1525,"Albayrak, C",CBY-9868-2022,NULL,2,NULL,NULL,NULL,NULL
2637,1525,"Ozbek, NY",ITA-8792-2023,NULL,3,NULL,NULL,NULL,NULL
2638,1525,"Kaya, Z",AAA-7871-2022,NULL,4,NULL,NULL,NULL,NULL
2639,1525,"Sasmaz, I",DSB-1841-2022,NULL,5,NULL,NULL,NULL,7.50
2640,1525,"Celkan, T",AAI-1729-2019,NULL,6,NULL,NULL,NULL,NULL
2641,1525,"Yagci, M",EFX-2557-2022,NULL,7,NULL,NULL,NULL,NULL
2642,1525,"Karaman, S",AAG-6334-2019,NULL,8,NULL,NULL,NULL,NULL
2643,1525,"Erduran, E",AAL-6050-2021,NULL,9,NULL,NULL,NULL,NULL
2644,1525,"Sahin, F",AAA-2768-2020,NULL,10,NULL,NULL,NULL,NULL
2645,1525,"Ozdemir, GN",L-9600-2013,NULL,11,NULL,NULL,NULL,NULL
2646,1525,"Patiroglu, T",DLK-1824-2022,NULL,12,NULL,NULL,NULL,NULL
2647,1525,"Oymak, Y",ABH-2255-2021,NULL,13,NULL,NULL,NULL,NULL
2648,1525,"Turkkan, E",AGB-3120-2022,NULL,14,NULL,NULL,NULL,NULL
2649,1525,"Evim, MS",AAH-1452-2021,NULL,15,NULL,NULL,NULL,NULL
2650,1525,"Gulen, H",FAV-3317-2022,NULL,16,NULL,NULL,NULL,NULL
2651,1525,"Ay, Y",GVS-8183-2022,NULL,17,NULL,NULL,NULL,NULL
2652,1525,"Okan, V",FQW-6790-2022,NULL,18,NULL,NULL,NULL,NULL
2653,1525,"Aksu, S",CAS-6372-2022,NULL,19,NULL,NULL,NULL,NULL
2654,1525,"Ileri, T",DXF-8041-2022,NULL,20,NULL,NULL,NULL,NULL
2655,1525,"Salcioglu, Z",DRG-1327-2022,NULL,21,NULL,NULL,NULL,NULL
2656,1525,"Andic, N",AAA-5389-2021,NULL,22,NULL,NULL,NULL,NULL
2657,1525,"Yilmaz, B",CIK-3898-2022,NULL,23,NULL,NULL,NULL,NULL
2658,1525,"Antmen, B",EJI-1973-2022,NULL,24,NULL,NULL,NULL,NULL
2659,1525,"Albayrak, D",CCH-4061-2022,NULL,25,NULL,NULL,NULL,NULL
2660,1525,"Oren, H",ACI-5453-2022,NULL,26,NULL,NULL,NULL,NULL
2661,1525,"Kupesiz, A",FFD-0829-2022,NULL,27,NULL,NULL,NULL,NULL
2662,1525,"Zengin, E",GKE-6050-2022,NULL,28,NULL,NULL,NULL,NULL
2663,1525,"Soker, M",GBN-4190-2022,NULL,29,NULL,NULL,NULL,NULL
2664,1525,"Ar, C",S-7530-2016,NULL,30,NULL,NULL,NULL,NULL
2665,1525,"Kavakli, K",FDI-3820-2022,NULL,31,NULL,NULL,NULL,NULL
2666,1520,"Sasmaz, HI",IGH-1385-2023,NULL,1,NULL,NULL,NULL,37.50
2667,1520,"Antmen, B",EJI-1973-2022,NULL,2,NULL,NULL,NULL,NULL
2668,1520,"Karagun, BS",AAB-8587-2019,NULL,3,NULL,NULL,NULL,NULL
2669,1520,"Leblebisatan, G",E-9659-2018,NULL,4,NULL,NULL,NULL,30.00
2670,1524,"Albayrak, C",CBY-9868-2022,NULL,1,NULL,NULL,NULL,NULL
2671,1524,"Kavakli, K",FDI-3820-2022,NULL,2,NULL,NULL,NULL,NULL
2672,1524,"Ar, C",S-7530-2016,NULL,3,NULL,NULL,NULL,NULL
2673,1524,"Albayrak, D",CCH-4061-2022,NULL,4,NULL,NULL,NULL,NULL
2674,1524,"Kilinç, Y",FZX-4968-2022,NULL,5,NULL,NULL,NULL,NULL
2675,1524,"Baslar, Z",CFL-0849-2022,NULL,6,NULL,NULL,NULL,NULL
2676,1524,"Balkan, C",ELY-2725-2022,NULL,7,NULL,NULL,NULL,NULL
2677,1524,"Timur, Ç",JHM-7041-2023,NULL,8,NULL,NULL,NULL,NULL
2678,1524,"Celkan, T",AAI-1729-2019,NULL,9,NULL,NULL,NULL,NULL
2679,1524,"Oymak, Y",ABH-2255-2021,NULL,10,NULL,NULL,NULL,NULL
2680,1524,"Kaya, Z",AAA-7871-2022,NULL,11,NULL,NULL,NULL,NULL
2681,1524,"Çaglayan, H",JIR-2533-2023,NULL,12,NULL,NULL,NULL,NULL
2682,1515,"Bilgin, AA",IZP-8713-2023,NULL,1,NULL,NULL,NULL,NULL
2683,1522,"Kaya, O",GBE-8313-2022,NULL,1,NULL,NULL,NULL,NULL
2684,1522,"Gulek, B",EYP-3811-2022,NULL,2,NULL,NULL,NULL,NULL
2685,1522,"Arslan, M",IRH-4309-2023,NULL,3,NULL,NULL,NULL,NULL
2686,1522,"Sozutok, S",FYO-2050-2022,NULL,4,NULL,NULL,NULL,NULL
2687,1522,"Soker, G",GEU-9093-2022,NULL,5,NULL,NULL,NULL,NULL
2688,1522,"Inan, I",ABA-7455-2020,NULL,6,NULL,NULL,NULL,NULL
2689,1518,"Ekinci, RMK",S-8411-2018,NULL,1,NULL,NULL,NULL,NULL
2690,1518,"Balci, S",T-9998-2018,NULL,2,NULL,NULL,NULL,NULL
2691,1518,"Bisgin, A",G-5001-2018,NULL,3,NULL,NULL,NULL,NULL
2692,1518,"Atmis, B",CCB-0753-2022,NULL,4,NULL,NULL,NULL,NULL
2693,1518,"Dogruel, D",F-6136-2016,NULL,5,NULL,NULL,NULL,NULL
2694,1518,"Altintas, DU",CBG-6679-2022,NULL,6,NULL,NULL,NULL,NULL
2695,1518,"Yilmaz, M",KBX-1471-2024,NULL,7,NULL,NULL,NULL,NULL
4932,1523,"Kotan, LD",A-2474-2015,NULL,1,NULL,NULL,NULL,NULL
4933,1523,"Isik, E",FDV-0752-2022,NULL,2,NULL,NULL,NULL,NULL
4934,1523,"Turan, I",F-7433-2018,NULL,3,NULL,NULL,NULL,NULL
4935,1523,"Mengen, E",GCQ-9559-2022,NULL,4,NULL,NULL,NULL,NULL
4936,1523,"Akkus, G",AAJ-7430-2020,NULL,5,NULL,NULL,NULL,NULL
4937,1523,"Tastan, M",CCE-7198-2022,NULL,6,NULL,NULL,NULL,NULL
4938,1523,"Gurbuz, F",J-2700-2013,NULL,7,NULL,NULL,NULL,NULL
4939,1523,"Yuksel, B",DYQ-6256-2022,NULL,8,NULL,NULL,NULL,NULL
4940,1523,"Topaloglu, AK",KJG-3241-2024,NULL,9,NULL,NULL,NULL,NULL
4941,1526,"Antmen, B",EMJ-9583-2022,NULL,1,NULL,NULL,NULL,NULL
4942,1526,"Karakas, Z",AAE-1422-2020,NULL,2,NULL,NULL,NULL,NULL
4943,1526,"Yesilipek, MA",EHJ-7711-2022,NULL,3,NULL,NULL,NULL,NULL
4944,1526,"Küpesiz, OA",DAZ-9024-2022,NULL,4,NULL,NULL,NULL,NULL
4945,1526,"Sasmaz, I",FUY-6270-2022,NULL,5,NULL,NULL,NULL,4.50
4946,1526,"Uygun, V",AGH-4534-2022,NULL,6,NULL,NULL,NULL,NULL
4947,1526,"Kurtoglu, E",AAD-2048-2019,NULL,7,NULL,NULL,NULL,NULL
4948,1526,"Oktay, G",FST-1777-2022,NULL,8,NULL,NULL,NULL,NULL
4949,1526,"Aydogan, G",CCS-2506-2022,NULL,9,NULL,NULL,NULL,NULL
4950,1526,"Akin, M",HJD-6138-2022,NULL,10,NULL,NULL,NULL,NULL
4951,1526,"Salcioglu, Z",DRG-1327-2022,NULL,11,NULL,NULL,NULL,NULL
4952,1526,"Vergin, C",EBD-9860-2022,NULL,12,NULL,NULL,NULL,NULL
4953,1526,"Kazanci, EG",JRX-6150-2023,NULL,13,NULL,NULL,NULL,NULL
4954,1526,"Ünal, S",ABF-8431-2021,NULL,14,NULL,NULL,NULL,NULL
4955,1526,"Çaliskan, Ü",JGQ-5161-2023,NULL,15,NULL,NULL,NULL,NULL
4956,1526,"Aral, YZ",CBS-8980-2022,NULL,16,NULL,NULL,NULL,NULL
4957,1526,"Türkkan, E",AGB-3120-2022,NULL,17,NULL,NULL,NULL,NULL
4958,1526,"Günes, AM",JGX-6145-2023,NULL,18,NULL,NULL,NULL,NULL
4959,1526,"Tunç, B",JHA-4689-2023,NULL,19,NULL,NULL,NULL,NULL
4960,1526,"Gümrük, F",JHP-0910-2023,NULL,20,NULL,NULL,NULL,NULL
4961,1526,"Ayhan, AC",JTT-7217-2023,NULL,21,NULL,NULL,NULL,NULL
4962,1526,"Söker, M",JHJ-7888-2023,NULL,22,NULL,NULL,NULL,NULL
4963,1526,"Koç, A",AAB-3978-2021,NULL,23,NULL,NULL,NULL,NULL
4964,1526,"Oymak, Y",ABH-2255-2021,NULL,24,NULL,NULL,NULL,NULL
4965,1526,"Ertem, M",DUK-2260-2022,NULL,25,NULL,NULL,NULL,NULL
4966,1526,"Timur, Ç",JHM-7041-2023,NULL,26,NULL,NULL,NULL,NULL
4967,1526,"Yildirmak, Y",AEG-9521-2022,NULL,27,NULL,NULL,NULL,NULL
4968,1526,"Irken, G",CWV-8390-2022,NULL,28,NULL,NULL,NULL,NULL
4969,1526,"Apak, H",A-7787-2019,NULL,29,NULL,NULL,NULL,NULL
4970,1526,"Biner, B",DTV-4291-2022,NULL,30,NULL,NULL,NULL,NULL
4971,1526,"Eren, TG",ICR-8038-2023,NULL,31,NULL,NULL,NULL,NULL
4972,1526,"Balci, YI",EKR-9813-2022,NULL,32,NULL,NULL,NULL,NULL
4973,1526,"Koçak, Ü",C-1204-2016,NULL,33,NULL,NULL,NULL,NULL
4974,1526,"Karasu, G",AAR-6689-2020,NULL,34,NULL,NULL,NULL,NULL
4975,1526,"Akkaynak, D",IIY-3740-2023,NULL,35,NULL,NULL,NULL,NULL
4976,1526,"Patiroglu, T",DLK-1824-2022,NULL,36,NULL,NULL,NULL,NULL
4977,1517,"Biricik, E",H-1361-2018,NULL,1,NULL,NULL,NULL,22.50
4978,1517,"Karacaer, F",FDN-5535-2022,NULL,2,NULL,NULL,NULL,9.00
4979,1517,"Günes, Y",JHG-5863-2023,NULL,3,NULL,NULL,NULL,9.00
4980,1517,"Daglioglu, N",G-5605-2018,NULL,4,NULL,NULL,NULL,9.00
4981,1517,"Efeoglu, P",ETS-1391-2022,NULL,5,NULL,NULL,NULL,9.00
4982,1517,"Ilginel, M",FBK-0005-2022,NULL,6,NULL,NULL,NULL,9.00
4983,1517,"Avci, A",AAA-5448-2019,NULL,7,NULL,NULL,NULL,9.00
4984,1517,"Özcengiz, D",JHQ-8831-2023,NULL,8,NULL,NULL,NULL,9.00
4985,1528,"Özkale, MR",B-8163-2018,NULL,1,NULL,NULL,NULL,NULL
4986,1529,"Rençber, S",AAK-5442-2020,NULL,1,NULL,NULL,NULL,NULL
4987,1529,"Karavana, SY",AAT-9147-2021,NULL,2,NULL,NULL,NULL,NULL
4988,1529,"Yilmaz, FF",G-8565-2013,NULL,3,NULL,NULL,NULL,NULL
4989,1529,"Eraç, B",AAG-7017-2019,NULL,4,NULL,NULL,NULL,NULL
4990,1529,"Nenni, M",AAC-8971-2020,NULL,5,NULL,NULL,NULL,NULL
4991,1529,"Gurer-Orhan, H",ABB-4339-2020,NULL,6,NULL,NULL,NULL,NULL
4992,1529,"Limoncu, MH",AAG-6217-2019,NULL,7,NULL,NULL,NULL,NULL
4993,1529,"Güneri, P",JJH-9264-2023,NULL,8,NULL,NULL,NULL,NULL
4994,1529,"Ertan, G",CPK-0244-2022,NULL,9,NULL,NULL,NULL,NULL
14180,1534,"Yildirim, D",C-2929-2018,NULL,1,NULL,NULL,NULL,NULL
14181,1534,"Toprak, A",JNQ-9504-2023,NULL,2,NULL,NULL,NULL,NULL
14182,1534,"Alagöz, D",I-8724-2018,NULL,3,NULL,NULL,NULL,NULL
14183,1534,"Tukel, SS",JRN-9065-2023,NULL,4,NULL,NULL,NULL,NULL
14184,1536,"Manav, AI",FMQ-8971-2022,NULL,1,NULL,NULL,NULL,NULL
14185,1536,"Simsek, N",AAO-8286-2021,NULL,2,NULL,NULL,NULL,NULL
14186,1535,"Mirili, C",V-4138-2018,NULL,1,NULL,NULL,NULL,NULL
14187,1535,"Guney, IB",F-4449-2018,NULL,2,NULL,NULL,NULL,NULL
14188,1535,"Paydas, S",F-3132-2018,NULL,3,NULL,NULL,NULL,NULL
14189,1535,"Seydaoglu, G",P-2640-2018,NULL,4,NULL,NULL,NULL,NULL
14190,1535,"Kapukaya, TK",GFI-4225-2022,NULL,5,NULL,NULL,NULL,NULL
14191,1535,"Ogul, A",AAO-7285-2021,NULL,6,NULL,NULL,NULL,NULL
14192,1535,"Gokcay, S",GYA-5765-2022,NULL,7,NULL,NULL,NULL,NULL
14193,1535,"Buyuksimsek, M",R-3412-2018,NULL,8,NULL,NULL,NULL,NULL
14194,1535,"Yetisir, AE",GJN-8638-2022,NULL,9,NULL,NULL,NULL,NULL
14195,1535,"Karaalioglu, B",FCJ-9364-2022,NULL,10,NULL,NULL,NULL,NULL
14196,1535,"Tohumcuoglu, M",CDD-5338-2022,NULL,11,NULL,NULL,NULL,NULL
14197,1539,"Karabuga, F",CXJ-1569-2022,NULL,1,NULL,NULL,NULL,NULL
14198,1539,"Ilin, G",GQW-0433-2022,NULL,2,NULL,NULL,NULL,NULL
30309,1537,"Büyüksimsek, M",R-3412-2018,NULL,1,NULL,NULL,NULL,NULL
30310,1537,"Paydas, S",F-3132-2018,NULL,2,NULL,NULL,NULL,NULL
30311,1537,"Gumurdulu, D",CRV-6190-2022,NULL,3,NULL,NULL,NULL,NULL
30312,1537,"Mirili, C",V-4138-2018,NULL,4,NULL,NULL,NULL,NULL
30313,1537,"Ogul, A",AAO-7285-2021,NULL,5,NULL,NULL,NULL,NULL
30314,1537,"Yetisir, AE",GJN-8638-2022,NULL,6,NULL,NULL,NULL,NULL
30315,1537,"Tohumcuoglu, M",CDD-5338-2022,NULL,7,NULL,NULL,NULL,NULL
30316,1538,"Kutlu, HR",FHS-2197-2022,NULL,1,NULL,NULL,NULL,7.50
30317,1538,"Saber, SN",JED-1085-2023,NULL,2,NULL,NULL,NULL,NULL
30318,1538,"Kutay, H",J-4610-2018,NULL,3,NULL,NULL,NULL,2.18
30319,1538,"Celik, L",ERD-1870-2022,NULL,4,NULL,NULL,NULL,2.18
30320,1538,"Uzun, Y",JUM-4903-2023,NULL,5,NULL,NULL,NULL,NULL
